;BubbleSort;;SelectionSort;;InsertSort
Time(s);0.0000000000;;0.0000000000;;0.0000000000
;41;;41;;41
;6334;;6334;;6334
;8467;;8467;;8467
